,X,Y,Z
0,4.883084066102329,6.648776605835248,-0.47878664322488745
1,2.7997125730597974,8.751352753677082,-0.5058609189689965
2,-7.491712297307724,2.629178640326038,0.8180743909205278
3,-16.461985264549774,-0.5297951743610938,-2.816703226861302
4,-0.22902295171758472,1.2757213115080064,0.04453518722142501
5,3.3432644485598986,-7.56038398955748,-0.4072142996453533
6,0.4149912206540942,0.5188017073973199,0.11947592139170887
7,-2.0617826211894603,-0.1543565529159313,0.08867792925723009
8,-5.159976684479682,2.5680565089928518,-0.17081321575766917
9,2.8762176485734745,2.6911171667002334,-0.2022469289001118
10,-1.2627060643638783,-5.435839782292957,-0.3109623582698667
11,-5.766452318724623,-0.9529487276961587,-0.31999034612550015
12,5.178188714744704,2.0548805865080477,-0.08035538569539946
13,6.675717772000831,-10.795329697105249,-0.8422746847182857
14,-3.1686286503548304,-7.231195577094257,-0.4357558008749486
15,5.35191330377145,-7.630587583619146,-0.6736275337705978
16,6.098600150621151,3.8732615210162193,-0.49219327283450814
17,5.298890692053184,7.295463865723983,0.08814698807116639
18,8.817211196256663,-7.3848535008941765,0.4899642368244845
19,2.910571998992845,-0.2820133742810008,-0.16586064310837523
20,-2.9256348404762718,-1.1324657670985263,0.11892349778970848
21,-4.676983793420399,-5.495782917904598,-0.3274299183712139
22,2.007782464292733,3.8367896063375126,0.21478785914695878
23,8.550204357686644,12.512737114345072,0.8720358609607515
24,-5.540299831067669,-5.975213631368301,0.1791633750388698
25,1.1166386718529473,-4.657425314607357,-0.36217223277512706
26,2.1932480757968946,-0.08247353741779595,-0.24511195104432693
27,0.7575726004923456,6.692324733970245,-0.3724396691056706
28,-4.049057613058251,-2.8397160232692857,-0.27703070105914396
29,1.306717326135273,0.38047367729556136,0.28728915260800997
30,6.824581965915067,15.351430626572995,-0.9833033868542439
31,-1.9427853122484002,-0.8417649278660495,0.1252183309452193
32,0.5161605129386873,-2.6011395192134086,0.005649835915308573
33,-13.077934128745111,-2.935380785012574,0.3596050226017044
34,-2.1628096460343786,-8.846599809549668,-0.05362664298721272
35,-9.27387623751432,3.489799683689455,-1.109840315949843
36,-0.7235142789508151,-4.139318621679574,-0.08294888238805355
37,2.7288892503635194,1.7446762456965528,-0.09683389482238762
38,-3.8899252943248444,-0.30253512030430424,0.05850318844005759
39,-1.2802637558112857,1.2603311606083643,-0.35172368067843146
40,-0.09520514721160243,18.512518604087944,0.13594958295113302
41,-2.7083981871222367,3.568045860948855,0.08844071229064182
42,0.19520391004046958,2.2558206959574503,0.28864817145331956
43,-1.4157444074619814,5.53714374003878,0.4528186070919915
44,-3.351577996727337,-7.781701950059656,0.1765648122044652
45,-4.554190306769151,-9.722786688082236,-1.3327571569403407
46,7.320060470226048,3.6560422433226236,0.516241938104356
47,2.655426814043849,-2.476064107693868,-0.02066367764735031
48,0.4919153193390055,-4.905371250266828,-0.284306968231609
49,-9.374552806711183,2.15292106646833,0.8919010636250948
50,1.985472651044603,1.365727996049523,-0.033283416726452186
51,1.5322000344814626,-6.668735567268517,-0.1963942484842977
52,-4.322706157524873,-19.213935639190996,-0.8738860520836669
53,13.850559910091523,-8.016010724289048,-0.6026803023409466
54,-6.538340666473129,7.858931669560858,0.028689435358135465
55,-0.5587610963606285,1.3061929308679059,0.37725119958892517
56,4.7091729576837755,-7.007399077540216,-0.14121847322622613
57,4.434988213725864,-4.894176144872828,0.15861045862464634
58,-3.470623204208751,-4.970435549388953,-0.7605262651116497
59,3.1756935445187855,0.6577934188245872,0.03981081233675397
60,-2.5625354057359546,-16.804432306103614,-2.8666285482125033
61,6.072690527931294,11.550791031039308,0.10908953598963286
62,0.9429325269840584,-9.617763595485584,0.7367326284103449
63,3.095725282906658,1.5811036911436398,0.07578434487582875
64,-13.370326986730692,0.07836880621103172,1.6953617886418877
65,3.6279797069751085,2.2044867820257372,-0.8336568249257368
66,8.998096316993031,20.908385218285638,2.4323522444639005
67,9.038423656276112,21.171310100901344,-0.2649004177168813
68,2.6976981006128433,-11.183638361372946,-0.08028887461257661
69,6.409909405261425,-1.5865161602854376,-0.6324843411153774
70,-1.966386110247292,-4.952620822805187,0.23887836620148223
71,3.501664344687468,1.2769441301956932,0.030865913079468715
72,7.281834953354752,-7.4337243678668985,-0.4567099681831689
73,0.5699784394241423,1.0659734976848776,-0.5390099939344761
74,-3.928715462741915,8.814274833823285,0.4699668835326561
75,-5.192151782921448,-7.715720175994909,-0.45050716135492175
76,-6.797828778744737,-4.417414461273539,0.22487313123779162
77,-5.485971785111931,-16.107173679046863,-1.1400043843347776
78,1.8534892187102305,-7.969058545266758,-0.35148972347053303
79,-10.753537171601309,-0.9799162218846353,0.17957204232635085
80,-1.7074354173076203,-8.720725346551996,-0.542510094830393
81,2.38037912681811,1.7346023786207048,-0.03133700064061763
82,-4.548512780838295,0.44498556595815236,-0.1683018796918032
83,-0.8996252026496764,1.5144954632698069,-1.475686052157666
84,-9.887693187387061,-11.587359308041592,-1.3777746557980977
85,3.9111960545640136,-5.949745874408347,-0.08025043129089676
86,5.100541602559211,-1.6079017831974398,-0.4024070767249778
87,2.512030815664605,-3.490387384640013,0.0007055506409876782
88,-11.185090585787306,-2.48306287635213,1.6211446096048092
89,3.3381629907534527,12.510999248326467,1.2558612628874537
90,-1.3783948471438747,0.28212396557679065,0.03956706096055493
91,-17.095624850067605,8.742682308641974,-0.13698699477643594
92,-7.004280415046703,-4.814109849674755,0.5229046690434616
93,-0.3279831370307559,-15.932419027081304,-3.4562236152794057
94,0.8589009496488833,-2.684547493561743,0.3283400173778623
95,-2.5890874467727523,-0.5162059037901705,0.050678836370470645
96,-2.9426939802882024,-7.2630505936929,0.45381610569722897
97,4.274574207601065,-4.256972293221647,0.36746379158417874
98,0.9531464936079154,-2.272971500090914,-0.2502485027811374
99,-0.956941286804922,1.9903861780727314,0.11231341047510748
100,-5.186371342602657,3.2094330842375918,-0.05869900155983983
101,-7.334859131185609,3.108791837088648,-0.15163897992253927
102,8.990073632410004,2.774477032390632,0.15076477914831182
103,8.384751268012016,4.422291093461446,-0.7291550180181431
104,4.698121289483546,-0.9907225539303961,0.05800419970164107
105,19.202516716015907,-11.887894300318539,-0.516166214154732
106,-0.35743387248264163,-0.3433915119521341,0.016387039033117726
107,-5.385523721141969,10.680032572155513,0.34780719103831226
108,2.4044549457833346,4.789327375380063,-0.217151755577536
109,11.422957996235242,2.028386165117519,0.4167208050695046
110,-6.246906025014604,-10.183524211108645,-0.957214152836878
111,-5.522658637908641,7.170131178484365,-0.5514328300918211
112,3.7307803474617613,-0.4937240320479166,0.1893978931494703
113,0.5056418755592071,3.434833132984876,-0.04880133288978692
114,0.5416600442882088,-2.9938172119774116,0.13373642854226078
115,0.4193783466924285,1.2193805937135398,0.052232148578268106
116,-4.13265879743625,1.5584114225397736,-0.9813272281943004
117,-2.449790133908363,1.9004283981669796,0.00445685419391257
118,-2.8551153350819445,7.322713721344584,0.40557330025164406
119,-6.095341540671812,11.288862781299626,0.2320620545124534
120,7.521047975422684,-6.558239680681921,0.13598945649611335
121,-15.368953901771647,3.0457035588473467,-3.1975557185595087
122,-2.5056027882285394,1.6576025583214566,0.20376594390255612
123,-1.4532827196896387,4.830837712711853,0.1464328764333672
124,-17.841763926180963,-1.789984339368609,0.4721710700222125
125,0.8782550304029947,-10.898318738356245,-0.6999450000890308
126,-10.161096063639372,-6.290878360343374,0.3483172885453534
127,-1.7660829656169401,1.2312106872266693,0.12792547249365235
128,3.4941863120456818,-3.8316991451794244,0.07854875031596242
129,-4.194592763671253,8.141036931648669,-0.5378638619594045
130,3.3195271770302197,5.6531501573322505,0.05219108566074661
131,-5.583362093268835,-6.790163543875614,0.03777996607407508
132,0.8967911070919541,-0.6083011278790268,0.9828727489029367
133,-19.29692704337095,-4.818455306595308,1.2291188370309167
134,-12.077626253620032,10.387697259989038,-0.4234485813576294
135,-2.960529174493531,6.79919715389456,0.12119849582533666
136,-4.813551892348645,2.1243583568323254,-0.002328092596471321
137,-15.454863731692528,17.30405025137125,-0.5691248936680439
138,0.7163808072563113,-4.932950966828516,0.5685977546434109
139,-3.7773486875326827,11.375668711943403,1.5806261911858586
140,4.937650454640381,-4.265977014998867,0.26107643377594925
141,-2.3609304562596223,-9.81291709562775,-0.4151710142636368
142,0.9401765698743032,-4.702877011973207,0.26846400530108344
143,3.2706741929314744,8.702903959329808,0.3222962216414249
144,14.49589345555584,0.5308457332680567,0.018468408408724997
145,0.06355430928359136,-23.17893036947668,-0.30906616889803207
146,3.1453920746965958,0.1467682483875531,0.5103782800576729
147,-1.879670453997751,-2.1058874310388225,0.2021776524817303
148,10.186542990281165,6.939268827709674,-1.1338444847741909
149,-22.1532743058269,3.39363020261015,0.04905080502406053
150,12.915724187699217,-20.74938427689498,-0.2524980005421335
151,0.2425134900211128,16.665812950666307,0.846588240024812
152,-3.88434866885288,6.245575305243435,0.7745259897344351
153,-1.3719120746062967,-4.5801218898953096,0.057119937757916975
154,-0.8173468767356943,3.087319873687303,0.10839938728555938
155,2.833827050045135,3.5151951434950277,0.004855670058687008
156,0.2519715589179887,-5.668649372871349,-0.481052803451532
157,13.95487869596835,0.885451319400196,0.6059449314717366
158,10.0645662896324,5.654432523623907,-0.8097687831662174
159,-6.430356529167559,-8.40069070205995,0.13003644445096588
160,6.230236719304145,2.684472414462353,-0.27232161094041735
161,0.6118084600067285,-9.448606649318888,-0.799837250638891
162,1.3454388354312177,-1.6577653936993755,0.0915575818280156
163,-2.9846417837137458,1.36656874957122,-0.004164292876635861
164,-2.1012273027957833,12.98574809063433,-0.4278853860890137
165,1.5889353110240247,6.093804970648093,-0.16866837493653208
166,1.0232327934535874,2.7644941317935934,0.5076175603508039
167,4.4483725587496075,9.253249366188127,-0.7829580978084013
168,3.5177468267229144,-0.3836289539675784,-0.11355451720803299
169,-1.6109680841403695,-3.084919200982129,-0.19199159039407226
170,-4.915801472763289,-5.975910761718445,0.14411774667603808
171,-0.8377569942546372,2.6139920147658215,0.003701272494235017
172,17.2305725742217,-13.541060301029145,-1.8214270200466933
173,-2.234799369348481,-3.634866944266285,0.4385323524132119
174,2.193275693561206,-4.230506008120831,0.07950167194554181
175,8.282682175015257,-12.646807676288521,-1.0379433645882614
176,-7.325882254472227,-0.20602877226945607,-0.7872959145833528
177,-4.427232413784609,2.357495323038643,-0.5909269291450101
178,9.787150254294733,5.461369634131452,-0.11078622625581307
179,-7.697908003835828,-8.22270874146872,-0.8112612559409013
180,7.21221943122936,9.305444555330853,-0.08945552932683937
181,3.101629695199887,-3.586248484285395,0.013924841098023503
182,3.869038259783448,-6.256418863887046,-0.4579305042897722
183,1.395173097063379,1.2333654691786426,0.2797849524537353
184,-3.917659653153284,16.02932022956864,0.34788664642112493
185,3.117533643768434,-2.1246078338598045,0.30051621425735087
186,-2.104031098191911,-5.758226802701643,0.7671862091448003
187,9.902702853533539,-2.5149910017209436,0.4782759335519501
188,0.9681538740590576,2.2240824446534204,-0.031119436505578982
189,5.094688919233282,9.715060125551783,-0.10273566633884287
190,0.26738887229082947,-3.430394727687101,0.0896844790981428
191,-10.442607305102387,4.865640724353148,0.1186418349326675
192,15.215646164972222,8.894709393032247,-0.07066983581868248
193,2.0214500306716845,7.275721705706554,0.2717691309871081
194,4.003736576938723,-0.023978352391013067,-0.18036465349260605
195,3.8909692571423293,0.10988424140223939,0.020412912485044836
196,5.932615073247205,6.17949683553919,0.2072465149901645
197,-0.7898106000215428,0.0767651228867966,-0.12414825779023776
198,10.842192003782111,2.982007144008009,-0.2768693254322511
199,-0.9820310496642253,-2.1613118890200784,-0.35924736151447095
200,2.697109396533758,17.06783247808363,0.7866472032137228
201,3.071091761355336,-1.9089171096951985,0.043257643484192254
202,1.9031030342740092,14.23859273358443,-0.7242895657567638
203,3.119416869139145,-0.7843127392760474,-0.20079305420241275
204,4.381528207198408,1.185813751992716,-0.2502540704834815
205,-0.4653625599250447,-1.486208177795028,-0.11685194290848377
206,4.768332023900322,2.9579964472590334,-0.9671487140388658
207,4.057867094322537,2.985050348770035,0.3259145204038976
208,-3.7416096937276038,-4.568715317605388,-0.18674309670847694
209,3.376620777150061,-4.222842403463983,-0.20652120011406108
210,6.396951782199469,0.0007665942648696699,0.39193201759105906
211,-2.89815184773143,-5.98237588018859,-0.5563040673802915
212,0.961841351310199,-1.0654544740716012,0.1668058502795291
213,7.58440200480181,-1.7887361314787997,-0.4469301168676038
214,3.5783237882532637,-1.0175075476032374,-0.4029302970348361
215,-16.9081873323721,-20.33856731529337,0.9569404394727664
216,11.981169447760514,-10.46372912367218,2.207438896541199
217,0.2933730676391152,2.591960150467911,0.12258824485825745
218,-3.712062437198819,3.296609508373664,0.377544273796896
219,-3.3225735675010872,-9.242132473535374,-0.23227864029923845
220,-2.8610923725725397,1.1722050363119527,0.18060009489532913
221,12.180150075090781,-0.3251996499870006,-0.743156256270933
222,2.6188698309999903,5.1087642803851665,0.03046913484525549
223,-1.1420442020795543,2.7428050319358634,0.024632693238343974
224,-2.8966364427963787,3.572338754076866,-0.06308441418044142
225,-1.933504462668366,1.499559926247823,0.024503271829160286
226,20.07014733204122,-2.966075079463839,-0.6317580197571576
227,8.273233614119885,-1.686944244943437,-0.39048359702577895
228,-3.4529051926757455,-10.993308658867662,0.3905821858648509
229,-1.0800218681154725,-0.40319762403895293,0.803260282184485
230,4.262486492661524,2.406399849759683,0.018880769350294986
231,-2.0106061688515284,-1.983024342716961,0.07093291298515683
232,12.109699323415231,3.6894213578744637,-0.4057071419974027
233,2.277157677070655,-3.3366250033660596,0.02325704976439128
234,-7.631586028762622,2.539905892800046,-0.32244350232843677
235,-8.673729442853372,-5.297225574319309,-0.2937479955152431
236,-10.098030128930606,-0.3457469872269773,0.6340380270737678
237,9.92360839515093,-5.09082490324519,-0.7521075366892683
238,4.229812970568622,-3.9446448152337856,0.5829911010419482
239,-1.9966418382549531,1.141954218728019,0.7320484845413099
240,8.63578710810212,-4.80598441742238,-0.09916055225993385
241,-5.6490023353057985,1.9478451994144697,-0.2751934599376074
242,-1.470551043587116,1.1670057410197017,-0.11649649289244639
243,-2.7792649852208418,1.5789596144815432,0.3851923638846457
244,-3.588162864916694,-4.962510770957788,-0.02789823594682573
245,-0.7175813534034521,0.3528265156839128,-0.116925728793001
246,-4.470515032131748,-4.290464142089464,-0.1327726327064379
247,9.937895874288303,-9.998203425238257,1.8856908920059454
248,4.283058378257661,-12.115350644193859,0.4562099053039188
249,2.3627983809051316,3.430813962680612,-0.31329310807358746
250,-8.27732948694748,1.0314019041070757,-0.5866643167554751
251,-0.48894447530194357,1.5999064412198505,0.05822596411696194
252,-1.2560295305071516,0.9355714608468415,-0.02611945104878019
253,10.398140377744092,-15.839892349596855,1.0269661932384295
254,-0.1530079865457368,2.87241406986756,0.10032774802105733
255,-0.9737754214104657,8.921545925334398,0.527351391751023
256,-0.15836125648367602,-4.766056229466139,0.10285944495652297
257,3.270983301751037,1.9413105575514353,-0.4884454076142361
258,-5.817917764267834,-5.1177589810634805,0.13632544907610503
259,6.954985362733695,-0.32414245783228923,0.28087594589875126
260,3.563904110932306,0.07272565799912056,-0.41987619951354566
261,-3.8031334146847744,7.008747276229942,0.21139597997599976
262,-0.46968390446234126,3.5167815518796752,-0.5254769558260762
263,-8.945085122314962,-1.6876625719613483,-0.39809541152368016
264,-0.26237180450992575,5.467671698296735,0.036068127147911584
265,2.7512260585650825,-0.8551215351468358,0.12697287658894132
266,0.9203371793880609,-1.0193994519347063,-0.07867102303063973
267,2.999933249772703,12.762235327591865,1.1605052436208987
268,-6.129451531896622,6.8218439795968235,0.3580933507082292
269,-9.760769327741507,-8.6809309392476,1.4968629943482072
270,4.9933685088314705,0.9261068140329272,0.22263468030552633
271,2.0696743432465654,-3.481927830021835,0.31350619628558585
272,-5.673345647572693,-13.590448203552517,1.3639321776722317
273,-3.150966897596833,-4.43184090468194,-0.33036081649901927
274,-1.3391605155289454,4.509131159396898,0.054952280854628645
275,-0.7545889587521407,-0.7663793511694849,-0.068888384260212
276,9.174187738383232,10.20272462094055,-0.7581943112497131
277,3.0563578968584952,7.920830119896611,0.3552293496471496
278,-2.336125222720005,12.096140777527165,0.4725509912788486
279,-2.221429559946956,-1.9632469666743921,0.05702874044567324
280,6.509441113369585,-1.524524104800628,0.05597415512448089
281,4.707886031120474,5.719932014329899,-0.6221752496533723
282,-0.9024504309153164,-3.1160660530244426,0.20048362323187255
283,-7.0085221454170865,-3.3773312806267537,-0.020847258593434195
284,-1.9156046931568784,-5.687554510081769,0.1801842939949427
285,-8.994699121171934,4.881356560092305,0.2028094448534805
286,9.786964583539065,-2.6640346662614727,0.9802827941206289
287,-0.7580521943063062,-4.641309027176611,0.4899602702442443
288,0.05035843120023618,6.252988711666881,0.22855459872797168
289,6.632591216675446,4.566116630334774,-0.26117822579161676
290,7.887914818499454,7.81204786171572,-1.4256056329052726
291,-10.840946024410474,1.4023523084558445,-0.21511902569782573
292,-6.896215716180462,6.965886797004689,0.08731490975104343
293,7.41316303579898,16.979611429518073,0.7875118290743984
294,-2.636899789964357,-2.9918733873008194,-0.5059837313487207
295,5.570283811439172,0.6287654933613261,0.009717254881387725
296,1.519000464439654,-5.750927443309443,0.1888881269979588
297,4.052505698881226,-1.319163185660802,-0.45309871182214445
298,-0.014253273636320776,3.258372900215693,-0.29382574109293114
299,5.71713298641093,-8.654587265399302,0.10408412282920199
300,7.740504404064756,-8.440307868986833,-1.0297494186794454
301,-9.916226304042642,-26.06392987933339,-0.29877692715161985
302,2.124309744440826,5.7584380106054835,0.49642588225234774
303,14.066444396118566,-11.100734084932801,-0.18090394364168663
304,-4.57110109131118,-8.266565017776001,-0.21942185838116457
305,6.641556083384989,4.845395159409081,0.09268401687974194
306,3.3331929608505244,-5.10981432584046,1.304029541500573
307,-13.790419100214976,-12.990286750277402,-0.0025650110389729835
308,-6.282605389159819,-9.29080386221918,-0.7099175618109678
309,6.276102284779173,-0.8064398140735268,0.497574828658653
310,-0.46366429999388414,9.014279004968976,-1.2303575682343226
311,2.384048986039388,-2.5716871514240407,-0.10018710301485172
312,0.4956866411040974,-1.432058497694291,0.009417222968561784
313,6.225407002212124,10.994654757217436,-0.15177277107921164
314,11.004190444772025,-4.650524906033832,0.26914067604006203
315,4.392440625702833,2.4092828992186353,0.16200571396508892
316,2.2286315127253298,-6.479529850243088,-0.6509517080347054
317,-1.7898031117770516,-4.451424086601585,0.03475550155789639
318,-4.534687566536024,2.7107495031755118,-0.06304209623884308
319,4.826372600666505,6.223424601353331,0.2082950631803002
320,-4.242559539105643,-5.080370400231717,-0.33313698118544577
321,-1.0047510513976898,3.6670586170274455,0.5537619190071565
322,-8.166939248066369,-4.859210657058006,0.08341021063708143
323,6.537038026966644,-3.2784958356534264,-0.4380167448350701
324,-3.9520900454908072,-18.465471624530284,-2.585216838500415
325,-4.824214096750074,0.42949395213349356,0.5723779644851618
326,-10.682193333307854,-1.582548978870569,0.3938664961571632
327,-2.3741358496101133,0.019222745419825334,-0.03315670802077239
328,-3.3925029654769676,-0.09311710435922405,-0.0768609608366782
329,3.4482298496185284,3.4933139017871375,0.00407657540924816
330,7.585179389774682,5.121430637413319,-0.4571087667183123
331,5.446343006841444,1.3838503670864901,-0.08318973101693143
332,9.965535884393173,3.386717988572226,-0.31638841921632316
333,-6.063999063177472,3.5949855031570985,0.1548828353947794
334,4.413140976028205,2.548650965435135,-0.45718793501453836
335,4.505308017115928,-3.5758692025656695,0.1850814513482953
336,-0.12398804651890581,0.4671755182155829,0.02260775915216741
337,-5.013895629746206,7.248030676515416,-0.47161725978870517
338,-8.370331195631277,-9.814083836004428,0.9179124791426465
339,-3.3616226246583834,8.515552896837363,0.860618908012161
340,2.005576857018775,1.1890034929591538,0.17761865272200245
341,-4.7110490580221,4.731058386678746,-0.8035510941925286
342,6.0405106313609584,-0.11401313124711727,0.06308561873084713
343,3.0572985221599587,-8.549755620660928,0.006155356698908614
344,4.040855471612338,-4.111597831200856,0.3756913986381294
345,-5.526899096983575,0.02557574319446706,-0.3163120894910918
346,-0.447962062031343,7.671992877420986,-0.4216880710416878
347,-0.9008563940297675,-4.688455652715294,-0.26303708321847236
348,-3.7832932096673875,-1.3245525038723753,-0.4105989149492482
349,4.7310140301510755,13.289782902872489,0.978215829995402
350,0.9768274885409829,0.00733512841080402,0.06896245115818164
351,18.70361972616777,9.294039924090784,-0.10115960482735308
352,4.619504050066656,2.1479793134359357,0.2521350016713373
353,8.18842726322161,17.52251817077065,2.4388289971095456
354,0.7170168540787416,0.6987135696931183,0.5312233594856286
355,5.887285878795367,-8.040615022789229,0.9486543000723677
356,-1.6205099807576844,0.7366668951762384,-0.31871580728755483
357,-7.440015897359569,10.4237257289794,-0.0841945126164571
358,3.562038906486942,-2.1391403445192285,0.004029851776714093
359,-2.796319534304435,0.947658257994211,-0.014977900360639633
360,-3.224746971871594,-0.3770930768920422,0.03686842282800206
361,8.596760279426608,0.5606121803615437,0.6109969668528173
362,7.0614915159428975,-0.7290554726570749,0.06661798609130593
363,3.479213031227082,-4.337613266407501,0.1618935387579033
364,-11.580567056342339,-10.62958672862328,2.2950891098287487
365,11.022110309256929,-8.083723099669463,0.6812741113064955
366,6.941803127688947,-0.03457116842324888,-0.8788680339653373
367,-7.619187317678529,-9.835466491874264,0.4935062051169425
368,6.360495726294025,-2.0582826473449396,0.21833739414127257
369,3.8941223515966863,-4.202967601704636,-0.026659503775193896
370,-9.569570592240552,-9.05063059419075,0.48254177577911894
371,3.095088651501152,4.083029103181938,0.9616616879143876
372,3.2546183598085103,-0.2798117248129637,-0.4442544359701363
373,0.4797031847945025,-3.391626241154776,-0.17582699434262022
374,14.636218703193208,5.371046882533306,0.6187893615154076
375,-8.022436846464151,4.878429316788953,-0.02668587320385119
376,-11.666105954561578,-4.266559445689896,-0.5652341655014385
377,6.504942734055172,-3.9886216047238463,-0.2287233532018962
378,-3.460748245303219,-0.5479693165327992,0.10735853811954019
379,0.4988079135659966,-1.3273383880375684,-0.1737294097093088
380,5.775524424823482,-1.4892873654053398,-0.02599671208778101
381,-12.943675825477095,-9.01659376687562,-0.016790410142585935
382,-10.101809701087936,15.276933208447076,0.11253470390806414
383,-12.49097172901402,-11.486632331705522,-0.315546411021048
384,-3.1174284907806404,3.1602153906116777,-0.04056607290584949
385,5.136335869736839,-2.013363764219968,-0.13739216957820216
386,-7.724553437186884,-7.874658083332296,-0.5102123394936868
387,-7.060654964839488,-3.115291450951668,0.19260317098039118
388,-7.179305682932558,2.4405771168884214,0.20568724872078584
389,0.7978140639154451,1.5158048733678704,0.08048094684379069
390,-0.047923403668633686,-4.901745982125706,-0.2554115617227137
391,9.065312827300648,-17.206889707909163,2.88236293888706
392,6.65650974955155,0.8091177762048396,0.2599517659145607
393,-3.382402661728733,11.530218577466183,0.12331354040706802
394,0.0013495850221300378,21.169562638024622,0.6198412574711832
395,4.901165875485227,9.972887709010898,0.7123641816142379
396,2.3441397270684923,6.3658550158101805,-0.0583936865867456
397,5.2520581236495385,5.037705881927427,-0.31515709660490904
398,-1.346276200860799,2.7706884214454712,-0.3580957768620758
399,-2.2060084454174973,-5.036823798722826,0.006644876150326603
400,-1.3668486354596987,-1.0718292090277042,-0.166582883581942
401,-1.0206615205526635,-5.6906882219550114,-0.0814546130958356
402,-6.195391897404008,9.328306146561696,-0.2919674360220546
403,-15.6618774689992,-0.8353030062358294,-0.1485224840491498
404,2.2534788888679027,-1.9761945007188122,0.14199425871256022
405,2.734828353340841,0.6243736041251121,0.019425524712628928
406,3.2000691855076817,-4.274951442233929,0.30087191362486543
407,6.273489202012173,2.0545498894419985,-0.13168772573809948
408,-2.467092654624541,2.447437419763438,0.08350542962865633
409,0.27728333979404496,-2.7760316356672416,-0.10708649334861024
410,11.346042858981471,0.8554775744913401,0.22386893852256365
411,8.149605368063382,-5.228139564182658,-0.21505861764961642
412,0.16623119271720538,1.1529834384466098,0.047325439593447975
413,-4.105965571395033,-5.21625891515317,-0.370073752869254
414,-5.9169062200722,-0.6991804421147835,0.033364869429283094
415,-3.43052753156111,9.639651863127513,-0.2610027999809391
416,3.050892896142062,10.731965359463018,0.5375602289702888
417,2.047803066321022,3.982373033290366,-0.15324003314155288
418,-6.108172159967071,9.005732320209166,0.23959563450316784
419,-23.17539469009791,-11.168514492108093,1.288766565092153
420,7.3201772638796125,7.159100710081012,0.197640237502707
421,-5.161181246718196,-1.9498913162117497,-0.001220105189458573
422,-7.239817113416805,-7.868789427067053,0.40385168537532523
423,3.6251076241157834,-0.39518417565728975,-0.10334610092791063
424,4.229706521296741,5.720044344884565,0.3648571011047211
425,-3.854888288001283,-2.8608058739767532,0.08079353275363424
426,8.335569672776733,1.8261358396768346,0.20536991844015481
427,-0.5782815085561135,-1.3012102796363345,0.03236970006325762
428,1.6669008200531752,5.583172127308555,0.08990632627916025
429,1.466346457787219,-2.5883386446556034,-0.026704871254015047
430,2.6014852431832804,1.6062643380453596,-0.04317878513358668
431,1.7263180970590004,-4.788023210236693,0.4878656426873226
432,-4.297035130830382,-10.791801173612575,1.0656354689220113
433,18.916122652142512,9.719264214313398,0.026560134036421667
434,-1.7235560254295608,-2.8346352772343937,0.10000853061634406
435,-1.1406807654229083,3.872390140990267,-0.1343669488187827
436,-1.00206536455277,-5.4608452528941,-0.11409234478161627
437,9.564446841390188,-10.647965722381887,-1.0515059467879473
438,-3.753533069923247,-4.190642842823769,0.26105051926566897
439,1.5216410496902253,-0.0812182675434983,0.3684869026696085
440,-1.900184339544274,11.06432535188747,-0.05064207390120365
441,-3.5234095214445977,-0.4925068535790812,0.017593712559506397
442,2.2890701531605946,8.10569095039904,-0.8494054133317056
443,4.733066715924333,-0.3645740677466232,0.042095358684111774
444,-1.9417087888162508,0.1753599376588096,0.049657149406129024
445,-7.644029814678268,-2.8574321951354884,-0.04024500753654743
446,-2.3420201948442703,-6.20386796376921,-0.506296543179586
447,6.283089622891696,-1.5936729716014992,0.1888274757383808
448,0.8163876435694717,0.8669923047697593,-0.059667708752564386
449,-0.20089513938467618,5.24283238075669,0.13475837158936518
450,4.398906857397961,-3.0383198282999584,0.2245774223971315
451,3.4049866387484506,6.921953348643262,-1.2052974357444681
452,-14.280893214092298,2.4548541710342064,0.14676806088759714
453,10.368602692840605,-0.43795978491458454,0.06807329558468267
454,-6.455254465025388,0.34303845769960317,-0.09416926185001737
455,1.8415743368102182,9.000394043566525,-0.8786194461273673
456,0.01967439394114481,1.231901608713566,0.02170616020091902
457,4.559640388640337,11.81435200267577,0.7451023896052286
458,8.201364413839933,7.339248832450248,0.028072098229323918
459,-1.2923175066122183,-8.770933116594987,-0.7219088457183063
460,8.391787048844462,7.580906065490957,-0.7887862601604936
461,-13.735889548812242,-10.907304084313592,0.11631806928708152
462,2.691087726705324,1.8273751698249636,0.0762778089139664
463,4.29244543794935,5.735753377184622,-0.2306304382785528
464,4.008610445635815,-5.743460828507096,0.219425736430384
465,10.853232234069747,-11.972059232132738,1.1710156247755428
466,-4.448313720905719,-3.469256144131518,0.13753082297520083
467,3.8186720214940797,0.9929613201378087,-0.09918594219245241
468,0.05624546878524442,-2.0233021211511084,-0.1046158563187035
469,2.040449138934535,7.434220536432792,-0.28045269296309117
470,-3.7431750807434097,0.062147703399228066,-0.16597346014225745
471,4.143395052377521,-1.7523852353144516,0.044885983042722954
472,6.103549611341585,-4.553745460582058,-0.7358934991570062
473,-13.313683652259549,-7.854501962590824,2.0551813780840944
474,-10.136371241371426,8.230809514040542,0.08891501511032036
475,-2.2391384882999437,5.2999086346462505,-0.4497156718964442
476,-0.10128485997706507,10.35676035806656,1.3187955365420003
477,-1.34603055384763,0.37441944516610093,0.06621354688813925
478,12.418821429911874,8.112116787794443,2.0299391919676357
479,-25.04076760054458,-11.647154171927552,0.31491071634729056
480,1.1036590045234629,-2.6377274828654507,0.2347229065281371
481,4.859824086753559,-1.6463385224155083,-0.09657415781654678
482,0.42076416476760065,-2.4045340390764762,-0.060756827806635424
483,-1.1841501508493917,-0.30884668462117615,-0.09537532587427086
484,-0.00896719705185014,1.6824924525895615,0.24920696138291337
485,0.2449565928587529,5.7196119134014145,-0.12354853982250974
486,8.994622737684603,-0.6307357398595586,1.0146508157761074
487,8.834276455792507,-2.2258849878072273,-0.2937182921114072
488,0.6152710580601263,-15.768667872761169,0.4966231346257942
489,-12.858641232018986,-1.7265447642334404,-1.5314021155776911
490,-0.36845651151019354,0.22789762301594427,0.009362720065309495
491,-4.797895585643254,-2.728915170493657,0.03294802874166993
492,-4.773090310399068,9.410642941576787,0.14714533860466383
493,8.669657898479198,5.236982188024395,-1.0203936860997536
494,0.8894892949159715,5.732146351893469,-0.10342552593020353
495,-9.539436577513245,1.4824286118356136,-0.05813477754503775
496,0.6329781335611382,-1.3175958654763738,-0.37431060350157586
497,1.215480832521596,1.0991767304129991,-0.43489520149869787
498,-4.4272272504938055,-3.1366123215922426,0.0780035266005612
499,-11.51601473270977,-4.199681908641316,-0.9830744211616527
500,-4.905779608873144,-2.52198759556457,0.3499810883573563
501,-1.5240574584034898,0.5494467590642544,-0.15326080662317695
502,-6.043510050334269,5.93111751101598,0.06896699234123917
503,-0.7388440694884806,-12.344141118513267,-0.021643525157742205
504,6.907956951301384,-14.704892746376048,1.962192840737636
505,3.8304842167089013,-0.3979652236425923,-0.4427391183626264
506,-2.324921049387948,-0.26378421087716597,-0.8379679875224606
507,2.507153531152279,-2.840916646728332,0.1454286285953237
508,-2.732085442187494,2.7986083332635636,-0.09120523679982874
509,-1.0733657460066086,1.0345846738680404,0.19064998414454704
510,12.227859407311918,7.452144249804352,-0.3705359252661482
511,1.1425666163867998,8.262437033938578,-0.15197403442875546
512,3.1856596395573384,2.8992356882638957,-0.20588650524118537
513,-14.624620082998831,10.533595324725233,-2.9798609545876413
514,1.9831571386533555,-3.6440673949206537,0.340694123710921
515,10.546546600928293,2.3995515968375063,-0.025985600460765715
516,-7.380732170524985,1.8278699658342974,0.2080451377828329
517,-4.896949707092764,2.8654793736512936,0.619858621811228
518,0.48332176806789895,7.607258358555199,0.30960613020122624
519,-3.813827714509924,3.8192491520791245,0.22572135472198815
520,-0.5555487116946175,1.697618104906709,-0.019712988806394084
521,-4.808876517576573,6.3921642778568275,-0.4669894975681552
522,-11.137474534375544,16.890607880027282,0.024462147577173264
523,10.804649565592948,6.022794387206748,0.1727170554608151
524,10.980707913520842,1.6581025692909093,-0.24193642929903766
525,1.1511360243394098,-10.473321263609513,-1.2705227343991472
526,2.483009826477153,-7.388685783305,0.484533310652402
527,-4.475192278139302,-0.9739206594539739,-0.3513299977579506
528,-8.441294668002406,-2.7156773933347287,1.2424463263954935
529,13.93840006471387,-10.657910619529813,0.33280769842271785
530,6.391929755153098,-4.976892495079894,-0.1753101035293264
531,10.079285337643434,-3.325929179921102,-0.7120412127542951
532,-1.8538190417326001,6.060669677460635,-1.181560562123063
533,10.65987927116293,8.2341397881637,0.3019479360896824
534,-7.029949480202571,-14.556366561890947,1.8608301874751483
535,-5.507098110914016,-3.5261432473294487,0.5222575198277062
536,-15.473009403443799,-8.445034912148264,2.0583944382833126
537,0.8520062503871855,0.9666986687677973,0.3100058294757549
538,21.893963825571287,3.146674674918711,-0.11550390538471812
539,3.9303436120604944,-1.9623962400277237,-0.5493299458537311
540,11.578486646639412,-2.8532356691514065,0.27169175897407283
541,-1.4578890045018766,7.228782317149133,-0.35295419870188915
542,-4.0471288688144185,0.00019923889473906538,-0.19463107554871506
543,6.8178128473234185,1.4179768873945047,0.2683462321086732
544,0.8598053190717376,3.1381661270028403,-0.248096573871713
545,2.168495802390209,5.189972301251588,-0.2950531512141247
546,12.72357218250595,-5.18573528462939,1.588864902549078
547,-5.204732994182557,0.472936058821352,0.45252547729945125
548,12.27326469219065,7.318316966264195,0.2731060036953585
549,-0.7134932929886735,-7.925519072887328,-0.9029424957005896
550,-0.4988449593958116,0.1931598959579886,-0.004390523737728925
551,10.058234060118847,14.845062652751404,-0.9251324663055279
552,3.7091501757025136,6.208824519848883,-0.32256265437134535
553,1.13990799814916,-6.324969538921751,-1.148155490581411
554,1.785873806716434,-0.6626413008081038,0.15253220988269225
555,4.168982604431231,-0.2886938504875698,0.20056255210386137
556,0.6210395215771713,-0.8432096367672557,-0.044427211754882207
557,1.975706302187494,3.382434807228615,0.6689228066291228
558,-5.622196582135904,-4.828752786413412,0.4634495346484905
559,1.0432603556580937,5.228587954595388,0.4069158799886945
560,0.331286072731553,-1.2696609482781553,0.07425862863647163
561,1.2805826758682541,4.747368474529767,-0.07006965938759015
562,-1.1068626830313621,9.868773826988637,-0.3650473823064442
563,-1.73296907568722,-2.640993403061283,0.06596133838521301
564,-10.381875845924684,12.485148439279051,-0.5875932702625998
565,-3.4963443344655203,-0.05950229259855103,0.758954344326591
566,-5.807697080541162,0.758069099393789,0.11724947662339391
567,-4.78604294784014,1.6083200736163998,0.23122094354055966
568,4.027374956447888,-0.0699513882191328,-0.21085141891181408
569,-4.5218492761082905,4.858898507509804,0.6269134129493251
570,-8.24077241097717,-15.405772679873674,0.24147388323319996
571,-8.684395603498686,6.190369631342773,-0.3322484614003329
572,0.1985825815538346,-6.0198473803682155,-0.3860114783413452
573,8.150193240719991,-0.8962046406568861,0.6841070229813496
574,-13.580598541725646,13.93884963461696,-1.0156888091398515
575,2.5057440106601363,-6.39260178617213,-0.2613093425561539
576,-4.974539238640217,-5.086929629793968,0.879203511757103
577,-4.473930666130206,3.949524189969281,-0.026838185996248057
578,-0.1964573205506686,-0.6102313473090457,-0.06648643198020453
579,-7.348665050870208,8.88138622080939,-1.1024030367441922
580,-1.0163208124095644,3.412883263418909,0.11422850826998614
581,-9.384837084567492,1.81342520346658,1.2334932674626977
582,7.664670267389318,1.6089280379205053,-0.04154493460377222
583,2.8687548298627537,-2.4233156261592184,0.1664775260562492
584,-3.3419589637728895,1.3002603065503233,-0.29092305957220554
585,-3.5410659509225786,-0.17590507858960905,-0.015590040887725405
586,-1.8662877405864757,7.09621788727477,-0.3608377297655325
587,0.5833789641455892,0.6279503559881678,-0.06723245957810084
588,-14.406811529376688,-3.6722476882660007,2.108631895523873
589,-3.769945310174366,-0.8417482069173442,-0.10736594588620185
590,10.27238330018488,-6.181296572981958,-0.029376699898188956
591,-0.5173726898897493,-0.5648097245479716,0.03463184692910256
592,0.079722781305894,-0.4784973898647031,-0.07627140173586017
593,-1.1405022519040784,1.0255093499005958,-0.001798956642757775
594,19.089830481606192,-8.580381210059402,-0.5800910200412853
595,2.8814603337306592,-3.9605978885563973,-0.4864594946160435
596,-7.379762212180066,-4.71219013182865,-0.44385634049062633
597,4.370181856463035,-3.9718189009194225,-0.24002801513844982
598,-2.8189480930028346,-0.9968341292778801,-0.2764649006391869
599,-0.8466724847432923,-0.5553251190345473,-0.10800101121217322
600,5.825093530563442,-0.7756226189347093,-0.9212184909596828
601,-4.161123638896012,-5.448645613488945,0.35987916809195186
602,-10.828255301461802,-4.294005038750238,-1.2800643755038512
603,-6.405534166563583,1.0066448866780642,0.1110410098561748
604,-3.837330779896505,-1.8983693118971936,-0.14014879678355974
605,-2.1402783312119005,9.18670147862044,-0.3468971185378429
606,0.31028690446935087,-3.1050774037267113,0.3245718808095337
607,7.501255448699464,0.05763849506309195,-0.8290285305773419
608,-6.361375561353855,15.24548244794792,-0.9129268831466979
609,-2.0313582752808403,-0.06446254322918907,-0.4314028271142492
610,5.0826654253084635,1.4674922839402247,0.08848537343857861
611,13.26899347200178,-2.2241590054309777,0.46821627681631584
612,-2.5064038081742868,0.7001115412410868,-0.07297853036350825
613,5.6608813610308575,1.591814007166128,0.05530832713578758
614,0.06418249248851496,-4.38751060642217,-0.06193698481715508
615,-7.228930078798929,-10.849326776431623,-0.388541474998187
616,-1.6233664237053695,2.5075367666035833,-0.12182263490133112
617,-4.445706606093615,-2.124130851034285,0.12776123178659426
618,-7.20228162653348,-7.400808158906127,0.9890290312360834
619,-9.399302301898002,4.935500134314891,-0.4207813306967592
620,-2.1877550696465353,-4.685646677824325,0.3040751757745364
621,-11.758320432427304,9.574390098902589,-0.6324083975671453
622,-3.9615595553888157,0.6060614891495398,-0.13259449576403742
623,2.0895496853873414,-0.03272402317906845,-0.012058188369120426
624,-0.469525757876588,-2.472694258374404,0.16782284078992613
625,6.881229702278304,-3.0756942234483837,0.2871255785898902
626,3.3445674486237706,-1.3678436063246933,-0.32237360336375454
627,1.753623695229252,7.584331034371051,-0.16632418419146924
628,0.8224108091782447,-3.612003342282344,-0.18395975097977885
629,0.8327370446729586,-6.776359365391083,0.23617907001892485
630,-8.058010980513702,2.5173926782941694,-0.049954418656578445
631,2.7289040106788325,-1.159886896207827,0.010846243938031049
632,-1.2685394803594352,-2.826618237927135,0.2525486155044632
633,-6.1800747927791715,0.3194558179591061,0.23144113679981365
634,-2.4647316448328818,1.5197487743191467,-0.12193635028996855
635,-7.102560204548004,5.088800012283737,-0.2993062213948173
636,-2.8272647735041914,-5.447443682838779,0.3589088681437486
637,19.404263658503382,4.647980333509413,0.3139824187600545
638,-2.1162208861428002,0.15521793951820728,-0.2049206771344118
639,7.223266996885575,-5.921378157176293,-0.021620637395742007
640,-6.214758143961379,-9.267291444350388,0.05712250435421237
641,9.302083786492663,6.122733692929094,0.056028801617349897
642,-1.726637563413662,-6.512640948171375,0.35885884665665735
643,3.219007509485521,-0.6291611289422715,0.0470457920765284
644,-3.481277853314304,-4.748315490176732,-0.08093979593008005
645,10.40996930907441,8.47336788256867,1.1801668566718335
646,-3.6356916201992795,-4.934766487857748,-0.4299657889762033
647,5.581120452795402,5.110135193399602,0.48790106180152215
648,4.63340186792776,6.528986652618187,-0.04304954938165937
649,-1.5662193165939122,0.9679487966821663,1.376386987165088
650,-3.921220783680609,-8.464124548326783,-0.40732520343419387
651,-1.2690576599106307,0.19992664358924433,-0.15482050575368553
652,-3.4654879747273757,4.984205951743267,-0.19533973265125698
653,2.5782300232560815,-7.921183370041519,-0.9832801267984018
654,-6.585002230637831,-3.41446281879975,0.1227131055700198
655,-6.652027741191353,-5.131895468666676,-0.720885049120489
656,3.8275025331910184,-4.8689264431151065,-0.21867016232595424
657,-17.259241660115688,10.874249567899287,-0.7969985914631842
658,0.3793797074842331,7.799765404330772,0.6435492839174924
659,4.112902998678691,3.3150852831758466,0.2820598577873246
660,-3.6326074642688786,-4.061650463373046,-0.2738287832926019
661,5.679779779925904,-7.1800670607665396,-0.35952274080871394
662,1.789472836206819,0.7254208016078182,-0.11607222178944283
663,-8.437131316249827,7.210903923340157,1.4210923914257052
664,0.7634882257144716,1.8032939668508219,1.357688244916711
665,10.713087618433203,-1.52393622691982,-0.22684893949429874
666,3.349799545996602,-4.780354074743848,0.883763478100325
667,3.5078944817543802,5.946488173775362,0.27133675238496935
668,-6.2895698408466245,-5.5980106034864345,-0.48271600924864977
669,3.3011078621880783,-0.4902150301765237,0.056637347670847674
670,-1.253299409067468,-3.3006920754543345,0.5665954572996265
671,1.752056667289138,-11.379833351041828,-0.1530908829980721
672,-6.370495950656809,-11.227897820771219,0.44548825051444085
673,-0.74182202209263,4.4648109241784075,0.01545657264336738
674,-2.3298029864489624,4.540671097169206,0.7805054098065575
675,-4.213652143647205,4.946888546885234,-0.027024064149412337
676,4.498668203541747,4.687890956915811,-0.11901780765623082
677,-1.3022536943806466,-0.6758651893570964,-0.0010422540260791313
678,14.997034851570161,-6.1551253988649535,-0.10549092398798988
679,-12.193653403423147,-0.10464600817256016,0.9501751221474459
680,8.412017325960685,4.335881963991899,-1.2191512593709357
681,-0.8869688690176646,-3.575788824689319,-0.012407917486437598
682,-0.9615728634435187,0.4360922251141841,0.015727834634364203
683,4.343481806355691,-6.066278507482514,1.1122976735827428
684,1.0420053227105268,5.295119246969068,-0.45591784280849756
685,-15.011936323216494,6.219463887071006,-0.6977166230390552
686,-5.533753024589078,2.489490372146493,0.15543759948800515
687,-1.2463930902279108,3.2728034066533365,-0.018515536032356415
688,-11.046350288933427,-3.498276207873169,-0.08534565143304529
689,4.451580699959679,6.235969421849769,-0.6439150031774802
690,16.104409452908882,-5.716968775445969,2.15388842523071
691,5.378927222137753,-11.676612828580403,0.6539087827049107
692,1.2241238024064633,4.983115887331674,0.5078889385112165
693,-11.00583882274143,-11.029095561023869,-2.641712170663456
694,-1.7969841845309562,-10.160650285050316,-0.6359787252810514
695,-3.266820101836221,-5.5853336253408665,0.23660484356374958
696,-0.7235808555322977,-5.832462330753266,0.03545259944797581
697,-10.432571369628045,-4.680764673461842,0.386150045993034
698,2.693664687652073,-0.41832273620647054,-0.13285827239967807
699,-15.514117687931932,-4.958164688734987,1.5418012206681075
700,-8.243745618913028,-6.945091069875758,-0.47813184367432
701,-5.5130108341054616,-1.5431179890903628,0.7338604756368828
702,-4.366192934159657,-10.723861832084944,0.7612371345600121
703,3.925843856482489,11.631597314825889,-0.15474104220121618
704,-0.9804364391789002,12.229131946097587,0.4270545291128537
705,-4.902900660464913,-4.024721296681003,0.1307383150275545
706,3.2402858470123763,2.948395138306382,-0.5954583967170419
707,-3.523253033797275,-1.3820090129072184,0.010985495467545982
708,-7.17931077406837,3.626232690199189,-1.2311763490063339
709,14.848452295165544,7.729147069883789,-0.42673705605108436
710,-0.8029680151335961,-2.1207169246960778,0.11586534400210773
711,-8.4077147841447,0.12207584282597715,0.4913445121867167
712,-4.489430839395225,4.3504639800512575,0.22610624175833097
713,2.8517473491654357,4.856515206997684,-0.29833591147448113
714,5.0167899026430085,0.8172252712957232,-0.2797935618929732
715,6.727794410654408,2.2821006260168195,0.35291966607578906
716,-3.0096542013621415,0.2625611214844713,0.2293154180047455
717,-0.5012084184373565,8.995716527974363,-0.2721650574499116
718,-2.473093668689904,-1.1992173127956196,0.08170740460394342
719,-4.900679557129603,2.6049333766946967,-0.24812410304402877
720,6.9599255527634405,-4.655435930380895,-0.45788532147765315
721,-11.38165181763931,-1.9946112027911136,-0.12387890740562899
722,-1.1176683582237321,-3.633131865524987,0.2781828360955265
723,0.5105166837151492,0.3856050879450534,0.090760674830751
724,3.881713412201792,-0.272644736152201,-0.20738887667553935
725,-1.258677980676588,0.504401011119313,0.2526720121603898
726,6.472820297917823,13.857886812518403,0.8927431151560071
727,1.1110255061802408,-13.987714736906259,-2.175261426058004
728,-7.907670664115117,6.1679308273899,-0.09564679335053092
729,9.715183156416638,-4.019505504092128,0.2636194425304042
730,-8.429382485030507,-1.5842042015543194,-0.6772388221990133
731,12.637384834801502,-5.21046649056525,-0.24554838179843863
732,-6.248380412607641,-14.900097039606974,-2.183640784777899
733,-7.059506534556185,-1.4659968126428262,0.013086386966284459
734,-13.034859398616959,-5.8787106646343315,-1.0724382478155792
735,10.750617971198068,-2.408368907299718,-0.07273456890740362
736,3.1615986421945057,-3.1952360715855197,-0.08082603207579826
737,-5.243265449327142,-0.8720137728508685,-0.507298828978957
738,2.4777873332851827,3.118095261630314,-0.12415517071642845
739,-2.753730115030925,-2.793723772096828,-0.06326682509003857
740,-1.3790977265526265,4.736172860141006,0.3276776996556232
741,-0.747815995712747,-1.6570394768796843,0.05630738666832222
742,-10.610042896292859,10.207037591156897,1.479398248749953
743,0.4481835348689445,-4.222553436091713,0.11192264764772347
744,7.945841924499675,5.071074811357302,0.09774969721147965
745,5.847730844321747,-4.026049345560764,0.19731130442790878
746,1.2118384351748706,2.3089047688991915,0.4442116808116709
747,7.535852440372359,-1.087146592645008,-0.16445330912749362
748,-0.5095104736750625,3.218503914142175,0.45746357518783853
749,-1.124549375046614,-0.09483325231264136,-0.08889005568002709
750,1.4160399308325784,-10.5807489111813,-0.34650645422155346
751,0.8572099832082283,2.8591431479463862,-0.07934976822659577
752,-7.722352758308792,7.944731917179851,-0.4517144791487856
753,-4.6016191551433865,-2.7733588998576137,-0.3546669341505088
754,5.526035621683476,-6.588551406738458,0.20709271438977112
755,-10.376362630874674,0.18708810981528382,-1.1815806517673322
756,4.75249810315318,-14.143695570080428,0.705400920375941
757,9.46166820043747,0.547260312498846,0.0324448738227376
758,5.947983704870286,3.3486242368641714,-0.6163913960049252
759,-5.439587711646299,-4.981510777367405,-0.08867530103415908
760,10.668076945120712,-1.8558616915538804,0.10706366792860521
761,11.032856865562046,-8.944765428994117,0.00999624355664085
762,15.23690974671572,-9.490376183191442,1.821527622037968
763,0.7941749587094243,0.8854949902581726,0.08906647163797017
764,6.794378710040601,14.478249135542562,0.2169053402106976
765,3.4228399408726977,-3.8510596475615255,-0.41895755346470676
766,7.830430403786556,-0.48048666609659735,0.1845229533509058
767,-0.8289979616503278,-3.3997685426538258,-0.06601387436335333
768,-0.14225882288817399,6.320493286114319,0.24246253500416354
769,-3.2661798321639632,-1.9097422250927718,0.1105910489861013
770,-5.453094393961718,-0.9497681498182489,0.1109031929193812
771,-1.7702182192090032,-1.225220402496641,0.20226160822313155
772,3.20581554750148,-13.727356855305338,0.23873037980980238
773,6.376207017942576,0.19542495827445014,-0.0799876764238157
774,22.18209414229493,2.378675972152244,-3.427189340103665
775,7.116508111149706,-12.927504580430194,-1.9526964494242605
776,1.8359451641501137,4.8081633611503625,0.1352677693453922
777,1.3850968696683874,-6.306539077935313,-0.02189052068942271
778,-3.7360195170456643,7.906060597915732,-1.0983698409500555
779,-3.2677843520484577,-1.0873564354242111,-0.08755309388298353
780,0.9894745135398595,-1.6604685186243457,0.30438312762107933
781,-16.352589784691606,11.202880715057699,1.0238874749487796
782,-5.355381625370921,0.8306522989556719,-0.2927105251696713
783,23.651331115395823,8.828090264701633,-2.5680349492781116
784,3.827584386415906,4.178196819069063,0.17453676679808733
785,0.35240388081533713,0.6901818629447752,0.056999393979084205
786,4.238014617293745,-3.746112513910762,-0.11453095729513499
787,-0.9070707794987912,-7.7680498214525455,0.4764887472108242
788,1.9323234679578298,2.3617399786314976,-1.0812267465374767
789,6.397004738411341,1.7504829938394246,-0.1573529820563874
790,-0.1342292203592899,2.0304573980724743,0.18510392539259984
791,-4.002009203224822,-18.913921375946572,-0.37939744004752524
792,-2.812965903789977,-1.5355594013020912,0.2607153650823759
793,4.737743415972902,-0.9305841466957354,-0.0727224044934328
794,0.21251216219301305,1.4720549228216246,-0.06331813218892565
795,-4.982898172157215,14.505960700854374,-0.24921128415549795
796,2.8250133189268127,13.358573062418074,0.7167352548965774
797,2.1697950602330245,3.0927514130634224,1.0392614486157252
798,-0.4021336977489476,6.084852660216112,0.14231881057629792
799,-0.419219022643356,-2.3763302600009455,-0.09620604986689278
800,-1.7393861508005044,9.728838281015548,-0.012154770323075596
801,-1.3978573888207917,-0.7889538509176774,0.18992805742089217
802,0.6789518561983505,-4.332534516390297,-0.08405313535799072
803,0.2795023770156422,-1.3122649233241468,-0.05646243144635262
804,5.87045390009582,-4.904995947701368,0.6718901389512744
805,-4.77856614942424,5.224841271936051,0.2178488628109153
806,-6.55721089356077,0.4508253088982993,0.3697055231271151
807,11.567557723255042,4.432667936781787,-0.23250494526284163
808,0.7000307628278506,-9.977096090134454,0.8754496153785944
809,5.92312719361516,-11.28103530066553,1.0340858280295924
810,-7.10722066067648,6.336683368331776,-0.15407719557196353
811,-1.2491338668439809,-21.03377761053246,-0.9076312422542914
812,10.121583877378665,-5.400909414573089,0.8578524724076677
813,-2.0050156534909602,-2.3610542383804103,-0.3294445066381272
814,-3.120036727919219,-1.1150748426873744,0.12575951977610594
815,-18.023006408773547,2.1950118308367927,0.8825650415084351
816,7.609504817907684,0.6284241105298551,-0.028110021772050884
817,-3.505504857160012,6.279257366530036,-0.3722720781445428
818,-11.668522335648428,4.399492605776487,-0.02281935919054307
819,-2.461135022859411,2.955357966106005,0.058858621587962255
820,-1.1479160740170602,3.0688360567605883,0.09168388778360069
821,-9.513430857993848,4.818805379426166,0.8179431661935752
822,8.320207627169273,0.8229035636788031,-0.8534950664120095
823,1.8883174182853668,-1.4994351961261827,0.1513762317400274
824,2.6277543451585834,-2.349412202908047,-0.19262286357474961
825,-12.84412082123919,5.532383045085565,0.33101744630262386
826,0.717650406109634,-1.861703157585596,-0.0814940917070285
827,-16.121979516862837,-2.3891041166873404,-2.9400276096814997
828,1.7312152782585066,-2.282992403992336,0.623599380546843
829,-5.38429200960172,5.49565145351076,-0.3206104397861934
830,12.446904471712555,-5.066526055985404,0.29420545511526475
831,-0.47427790913401174,-4.035992610576153,0.015029839752727366
832,-6.021136213178365,2.255041001136993,0.5048563423337545
833,6.1574267515677,4.312263469477952,-0.5962326950102138
834,-2.7512741512768697,-4.4980543213256325,-0.16346781637429644
835,0.5485591570874012,-6.4192614928706035,0.6341882394427371
836,3.0876127197335577,1.1551848028524088,0.07405091744682404
837,5.167305343103244,4.555756203763386,-0.3344035591485352
838,5.452518559397788,-2.066640583224322,0.18684113135609107
839,-0.55528197771037,-3.984686795014803,-0.1811139146731386
840,-8.81867320369093,-1.883225103864759,0.524930397352774
841,4.2373191932021435,3.0528517206210593,0.34494326238865064
842,-6.809312036982578,1.9224041963464604,-0.21410057678735747
843,0.5552169489499035,-0.1417110914187446,0.04020604469875671
844,10.926493620601256,-2.166510506782397,-0.34815334082489663
845,4.594578381506147,5.765375620856224,0.9115780052324941
846,-1.127307428834444,4.913533359224243,-0.31568727825631004
847,-0.5680987599740656,-1.0701776323905419,0.10865364769745581
848,-5.595825949625561,4.454596970165902,-0.7088190081248972
849,-2.1111065648340994,-8.244948287830246,-0.0640926997605089
850,2.424071272417663,2.619616767483098,0.08829782285592441
851,-18.95446494357762,-0.6500535447738279,-2.2071441146514297
852,9.594799095000974,6.088947069249704,-0.3182343334886488
853,5.6886363158381945,0.4714664740543396,0.262948393872861
854,-3.0806597872255206,13.084684471493079,1.1175136456770032
855,-4.63882694699693,2.013647156105626,-0.3720145178189098
856,-2.9037540735837406,-2.638613779937276,-0.14042107920915903
857,-4.612860718929689,2.5811847547578637,0.14187988960375902
858,1.1922149398950046,-18.848617757909647,-0.3632992884585224
859,-24.502272455618023,-0.7710153511240865,-2.9931857294907553
860,3.019735565282432,-10.995764895080944,1.123682725700852
861,-12.59321651410438,19.478354513849347,-1.4308130835804758
862,5.046142781315844,3.6204973897146417,0.15299369775921448
863,18.0721630347555,-0.9700709950111739,0.2919496391860969
864,-8.925378841049914,-1.878041354448306,-1.0103784351098597
865,-6.3502580279317975,-6.9620944578701085,-0.5354619207610445
866,-7.842751990458508,3.855079904678586,-0.012007338731888393
867,-4.468525279580775,-3.2631878536383905,0.46063866082517346
868,-16.673801813744063,5.859579196976666,-0.3873672911921026
869,2.210447047172623,-6.189861190665123,-0.20595617028637742
870,1.814742513918165,-4.219766413031635,0.1641892780735109
871,-3.7761993435772476,3.6304849722718067,-0.13798596210270217
872,4.386812343157295,-5.756496886166132,-0.12287831270021134
873,-0.7912107733286724,-5.221136179952452,-0.12785330509337625
874,-18.644569044460237,3.3014090889206273,1.2832909133324935
875,-1.521377410523521,-0.4391922722763074,-0.14277378039076
876,3.754424128276827,4.172253602270556,0.2289440438574591
877,-7.376688484810335,10.628727079250313,-0.07804289519457319
878,1.1001478889468363,-1.2896840215770897,-0.15063340530446437
879,-6.433137008909802,-1.6287525353576409,0.32238944806021186
880,-5.935222981716325,-10.588586002949434,0.3346674802148761
881,18.964157387336435,-3.3701987328668186,-0.29429763965773653
882,1.357682669900887,6.62330799425692,-0.4458229100158052
883,-8.322358306639794,-0.36414088125149846,-0.004250460151146971
884,-4.797173114890106,-5.178717277860239,-0.28492576392191915
885,12.283868968099371,6.780274978051244,-1.1561775710762432
886,-0.46065553194399056,-1.0777723340671927,-0.348514771477847
887,5.71938013595842,0.35762531437174994,0.5944475416228329
888,-2.473566600287304,3.991008850963473,0.032111451239272885
889,7.519383978468533,-7.7898856923997695,-0.2622097206949798
890,7.247420574224495,2.886590511984006,0.021683875821995994
891,2.1879503333950643,-2.694225350870204,0.10817935707155663
892,-1.4220578579563323,4.338781436303837,-0.15132823565466158
893,-8.808080444360058,-1.5134609990658923,0.5473530462497757
894,-2.851720781867781,-0.7252667302681405,0.12457258673512926
895,3.7615553510055895,7.095475119465235,-0.5242817648092488
896,1.1543033313844464,2.1641431500283517,0.5578569094131521
897,3.7263063658163693,-0.8827544892609432,-0.0035816571973766136
898,14.478096754304792,13.047450723331698,-1.1403871615428143
899,6.107374737321591,3.4408475239238294,0.387491487372059
900,1.412763711126405,-4.963696358585812,0.159855316426461
901,-4.6085344944114475,19.829561596660604,0.10833055415206498
902,2.174446500770135,-13.860490427031902,0.5739350442096003
903,-7.878390647772082,3.3358122347018826,-0.8067485126735436
904,-0.9528069730782429,10.969553274538416,0.1362951831816767
905,2.1859076608797183,-1.068964558233252,-0.18255863218702342
906,-7.928690308117706,-6.062270463491223,-0.12394794063028881
907,-2.320251981651482,0.5480923254594073,0.31005099724094154
908,-4.678290340550056,-2.506717326138347,0.15505793052090136
909,-1.8502439017222683,-8.5742879975569,0.32028231587848566
910,2.3142692900225943,2.0507885062880282,-0.2672443100610541
911,-4.3798918585032895,7.213158378700024,0.4479472743920519
912,-5.230787922757897,5.571943838700706,0.006122301449907511
913,1.0875957480237195,-2.243887146376157,-0.10674377388091769
914,-0.5165309048894502,3.0554310024603644,-0.2406834060720404
915,-1.30573204510271,-1.3726555918337235,0.40017124018576755
916,-7.325765981352294,2.5855745834797172,-0.19906275376134516
917,-1.5309759178397793,4.425210443098708,0.8744087946533206
918,15.865749316784106,-6.806032491224255,0.44148969188945886
919,-1.1598229744543078,7.342107633778657,0.35902759243910987
920,7.618258426475391,-11.293761452020162,1.2657283961261703
921,-2.9950829152150664,-5.847104820982306,-0.7523623872960321
922,-5.300497709872265,-0.12500008364830736,-0.10640823881011391
923,9.159766659177896,-0.348658933664635,0.29402468891887523
924,-0.17390563585528826,5.958356271206306,0.14242863671925582
925,4.696095513055115,-1.912792386745496,-0.09070736557087564
926,3.4324086784776946,-0.27348529510736924,-0.04896211740210284
927,-7.129383297200299,-2.245310410508161,-0.12131425646911284
928,-8.829999326813887,-8.9107437146701,0.6748255837644541
929,-1.5219229734262425,-11.996644629335941,1.5640355718430117
930,-5.193905129838077,3.684202198762908,0.4412365290712259
931,3.039785366525166,1.3176420034877754,0.25853389361857126
932,-3.0728942225947615,-3.0428318700703714,-0.11706867326350286
933,-3.8536385661405714,-3.6736669537519613,-0.06872952184538812
934,6.592989362051177,-3.6421398788209416,0.3365781064493904
935,-4.728995464036989,16.214669562671997,0.7212792924746145
936,-4.282522191253714,-12.456043589704208,0.17666795286486148
937,-5.479152768985561,-0.6644094675844653,-0.027940675631940137
938,-2.2000800870240305,-1.1989771299765357,0.1393843538484358
939,3.1072477296984697,-17.633762044792583,-2.36070992664701
940,-6.315559335907906,4.979823193685406,-0.19092642542028881
941,7.900574280047553,-4.622638738804304,0.23949516015356576
942,2.3484231267282425,-0.45973329675210506,-0.2871882004691255
943,2.289741678286902,6.401568055894062,0.38423170835385156
944,-6.887473866487357,-0.003857091872206787,0.5670341690672467
945,-2.3233808867736045,-2.2758472240931913,-0.06483268307392026
946,4.094245800853591,4.404180053276085,0.150963557349776
947,3.9446983041246697,3.372316903602039,-0.41596004644041734
948,-0.07084746812851599,-13.06130298688262,-0.969252941521769
949,-15.805679135606432,1.2985935756893918,0.2299151620474611
950,-3.2678819898987066,-3.369253683087325,-0.07746876450812247
951,-6.162556985391857,2.2244686392716853,-0.19915801812354655
952,1.6509937517310591,0.40837892953726707,0.17013658858553687
953,7.980766517495816,6.370124172847041,0.45988378305634603
954,7.986291950041609,-5.084251537859726,-0.027948446739244046
955,0.7290108938874074,-0.7415695385550833,-0.05667408773040516
956,-0.9308938744418425,6.502083105440856,0.6525821847373866
957,-11.214196414221634,5.526309293529528,0.4255958766643268
958,12.63521674618253,-6.280378645675574,1.2819620677123345
959,-3.2733520210604663,1.2463977338588235,0.09708313526304893
960,-1.0982357063377943,-6.49629437871934,0.6310028283050915
961,-5.8444463964113185,10.776599636001023,-1.5844696690928326
962,3.660508105999838,2.4571776880966314,-0.5480944424438166
963,-7.204362811215886,-6.286574050940629,-0.0011548382811231647
964,2.329421912534273,0.984251503178759,0.32076306047054626
965,4.270130441242011,-0.9689120321285516,0.25037533066039125
966,-0.43510927655174303,4.52913775251278,0.1706966408543122
967,10.077465700519326,-3.4328652501463464,0.5401626729472566
968,-3.431874788895737,-20.799697111802253,0.307765354160326
969,1.5851894087087182,-0.5939492385057524,-0.10450912663777047
970,-1.8794789285103113,9.230270408006714,1.0020437770890485
971,-4.972282914316544,14.681835210464225,-0.23997764526807772
972,-2.3569890248873886,2.485004953310263,-0.4529813257544076
973,-5.7012189126557695,3.412462620373747,0.7895696809993863
974,0.0003333422693751656,-1.3234263536121318,-0.1544118365353897
975,1.434490931787826,3.43191624606275,-0.07449085734283742
976,7.180363650986266,5.204304796634351,-1.1305160527127245
977,-7.713517210765965,-1.7563472165039846,-0.1843213921756505
978,-5.759180676895504,2.8418004453031354,0.13401275140412236
979,-12.742433787327855,9.72979278819954,1.9898112869214657
980,0.06160323967154672,-14.02444016150064,0.3858655828275161
981,3.380478275401847,-0.1460667204970678,0.05600637390558719
982,-1.288534467221555,-8.146072672403147,0.5538697287625022
983,-5.166474330838572,-6.413345821299269,1.686667331895128
984,12.701411263688263,-9.300583396502656,0.8257741807628282
985,-2.1345850074601103,-0.4461439549305637,-0.3778075019688192
986,0.793829480393276,-0.002129815269889447,0.03379875655579008
987,0.9990117573584375,-9.308912205584448,-0.6686320209635331
988,-17.257950388041056,-7.0089218881185404,0.42214227833219253
989,1.0837101424268853,4.5407574631638985,-0.3310173733635149
990,1.1263749083785475,8.272785837191579,0.8839482142754377
991,9.362343961411783,8.429264414684836,0.17941296826751812
992,-16.613866459020116,3.6675747924104956,-0.08451277454457765
993,-0.7471604950459234,0.03938898568107809,0.34745751644329503
994,-0.8252624035202885,-0.6567845887946302,0.10986108479177516
995,6.530713465953875,-9.276739736790303,-0.5116304606400176
996,2.6376535555311214,0.005102426112004434,0.057869230094071133
997,-1.041351201888472,-5.888935426878156,-0.059724076961818265
998,-1.6052812937858072,-3.0292882414670683,0.17056133676841467
999,7.372878265030418,-4.678515391829024,0.8129997587788307
